lifetime;broken;pressureInd;moistureInd;temperatureInd;team;provider
56;0;92.1788540640753;104.230204454489;96.5171587259733;TeamA;Provider4
81;1;72.0759377229452;103.065701425235;87.2710621830793;TeamC;Provider4
60;0;96.2722544275301;77.8013760205322;112.196170262351;TeamA;Provider1
86;1;94.4064612569099;108.493607753325;72.0253744101029;TeamC;Provider2
34;0;97.7528985897791;99.4134919963974;103.756270553275;TeamB;Provider1
30;0;87.6788009733013;115.712262320356;89.7921046614854;TeamA;Provider1
68;0;94.614174037134;85.7022356380606;142.827001371828;TeamB;Provider2
65;1;96.4833028856645;93.0467974673871;98.3161904467832;TeamB;Provider3
23;0;105.486157990584;118.291996630706;96.0288221791175;TeamB;Provider2
81;1;99.1782353057746;99.1387170107194;95.4929646113014;TeamC;Provider4
38;0;97.8178440900396;111.074167508023;94.9424432824847;TeamB;Provider4
29;0;67.8122514458563;96.1078462201018;122.371808723507;TeamA;Provider1
65;1;86.3661105866528;92.5619715887506;96.6679497218268;TeamA;Provider3
65;1;76.1446541448713;93.9734544334307;108.944272947925;TeamA;Provider3
82;1;103.107263258863;103.673197146068;79.5045324768189;TeamC;Provider4
80;1;88.4140794509119;97.3627545847408;89.3198129558635;TeamB;Provider1
48;0;84.3550486764251;103.17491872375;102.399715112682;TeamC;Provider3
80;1;79.6692545515282;95.9269075080747;99.7356352858733;TeamB;Provider1
92;1;86.2291086098403;86.1118997428554;111.842548344086;TeamB;Provider2
88;1;84.1794203871626;114.074065743353;83.627449891389;TeamB;Provider4
74;1;100.005923278369;103.502876419145;96.8760349931477;TeamC;Provider1
65;0;115.607559550656;103.013572734101;101.616842552809;TeamB;Provider2
61;0;97.6971890319144;101.884960709367;130.135675981608;TeamC;Provider1
35;0;101.415622932101;89.75374603711;114.9094340387;TeamC;Provider2
26;0;118.978697091642;105.298915992675;115.247084995721;TeamA;Provider2
63;0;102.112774936487;106.25069460373;92.3151951737787;TeamA;Provider3
88;1;129.124337837297;103.344720199179;92.8463590249401;TeamA;Provider4
79;1;109.033036160127;92.7541199037274;124.760444570188;TeamB;Provider1
53;0;107.298069450476;85.0552912921982;109.84100291177;TeamA;Provider3
73;1;127.263954387265;103.557291813328;133.859669314911;TeamC;Provider1
60;1;138.191120468217;91.656268959658;101.925927756907;TeamC;Provider3
13;0;72.5540841684545;111.376419170565;93.5414196283594;TeamB;Provider2
34;0;95.2146491809357;93.0717093398685;75.8454211390509;TeamA;Provider4
36;0;91.2471317438605;93.0372822347372;94.4583970686468;TeamB;Provider3
80;1;81.5553769784936;90.6988936711566;97.0269035346763;TeamB;Provider1
65;1;69.1345951914298;81.9801223418274;81.033925057653;TeamB;Provider3
31;0;132.857478405772;82.0372826041976;106.719265124192;TeamB;Provider1
74;1;54.7353314548447;91.3244327121414;91.4247947250669;TeamC;Provider1
25;0;84.8986462765521;84.8679009494253;96.5560518001072;TeamA;Provider4
58;0;94.1522872633945;88.4466586827165;135.744778497752;TeamB;Provider3
80;1;84.3440664667572;103.377052077521;113.2754592699;TeamA;Provider1
65;1;95.7535243622012;92.3158075389179;95.3270283918878;TeamA;Provider3
19;0;123.928439942715;102.34025662719;110.950760877646;TeamA;Provider3
60;1;101.505350792214;77.6598205058081;107.656093845233;TeamC;Provider3
84;0;120.945550205685;101.985851922193;101.884101694703;TeamB;Provider4
13;0;83.0685711492724;104.160709569624;124.362915255101;TeamC;Provider1
12;0;113.349121866685;114.473185940525;101.565777156702;TeamC;Provider1
15;0;75.6466929947925;114.198857430972;86.817937288562;TeamC;Provider1
26;0;113.435832131762;91.820618577886;95.3650854146951;TeamA;Provider4
43;0;81.7797835344172;91.9656538462526;75.1465463373069;TeamA;Provider4
80;1;68.8506514226278;106.214235757135;115.71196989067;TeamB;Provider1
65;1;150.665420952685;89.1390321941601;102.679902640764;TeamB;Provider3
1;0;72.4231287814734;120.484155161769;116.400433386931;TeamB;Provider2
34;0;97.132862327607;117.244906316361;101.504204284428;TeamA;Provider4
80;1;113.965257013214;127.302607415628;107.264736078105;TeamA;Provider1
12;0;57.4632132550643;104.97908939296;100.528014628588;TeamB;Provider2
92;1;144.344517413483;95.1218621652731;127.840226198999;TeamA;Provider2
82;1;80.692231525277;102.925458573317;74.673652769543;TeamC;Provider4
65;1;93.9133259837448;91.2621151530198;91.4866178720903;TeamB;Provider3
20;0;73.3211528927026;123.898000325771;129.439690146271;TeamB;Provider3
16;0;83.9583115687327;101.7508801791;117.898146254129;TeamB;Provider3
3;0;56.1717713452795;88.9170300237212;96.1433872824495;TeamC;Provider1
18;0;105.900037218583;104.268168669278;54.5736299504527;TeamC;Provider2
7;0;115.698400964051;105.85084571868;89.3437996774696;TeamA;Provider4
47;0;119.745995688186;119.104633488615;112.34128257558;TeamA;Provider1
23;0;105.893763641072;104.395459971189;118.385316646456;TeamA;Provider3
39;0;87.3928413294564;106.166233930236;84.521712583155;TeamB;Provider4
48;0;82.8818002875794;91.0251786442303;94.6200738154102;TeamC;Provider2
57;0;122.287990951171;93.8483521250464;91.0649902411848;TeamA;Provider1
68;0;85.0722088253067;104.109464660211;107.71403693928;TeamB;Provider2
18;0;119.204381028889;111.772156079851;84.2420852247211;TeamC;Provider1
1;0;107.785993065058;117.39033587806;113.37730840077;TeamB;Provider4
81;1;90.6712343177824;89.5638833022548;86.3841846669896;TeamC;Provider4
65;0;66.6378838260858;92.2058305636204;99.0619786471362;TeamC;Provider2
4;0;107.837358817626;99.8381721828922;111.084852791247;TeamB;Provider4
24;0;113.272605302996;114.696551952368;79.6998202852688;TeamA;Provider3
74;1;85.3313779769807;97.0452263816167;91.4131353989674;TeamC;Provider1
74;1;82.5282191076538;109.638423702737;96.5979961208589;TeamC;Provider1
16;0;90.636828612749;101.801610451346;130.055985128168;TeamB;Provider4
88;0;112.605329955875;100.274340904129;87.9836311173932;TeamB;Provider4
28;0;78.6659308082895;110.518407673434;111.078453638246;TeamA;Provider4
92;1;70.1017188061852;92.5590667268942;131.734206033081;TeamA;Provider2
49;0;99.1269188526731;105.455789045355;113.464436916463;TeamB;Provider4
39;0;129.815587555633;104.070275828454;99.8617326014132;TeamA;Provider3
18;0;129.358668618135;95.4877995865312;104.758243906072;TeamA;Provider1
80;0;86.430680267044;104.693943085313;86.3961799808754;TeamB;Provider4
81;1;127.643264392607;92.644797575282;98.0551415163719;TeamC;Provider4
65;1;95.2453990570643;115.950386405822;100.417860174062;TeamA;Provider3
79;1;83.4942365876273;93.4004699912755;121.297759826569;TeamB;Provider1
19;0;96.2196186480136;90.6621367345787;125.838522086165;TeamB;Provider2
58;0;79.1113931011273;73.6071607008806;74.8746230998836;TeamA;Provider1
76;0;106.867188742849;118.948357369232;97.4242108642806;TeamA;Provider4
92;1;111.255811350868;97.3599862072755;122.034273352979;TeamA;Provider2
92;1;96.1203461808198;105.576196409246;124.067119618007;TeamB;Provider2
52;0;86.1075142921743;93.6840793755196;83.1569608691616;TeamA;Provider3
29;0;108.413358774927;112.868036057532;94.8225191728907;TeamC;Provider4
65;1;100.251850143202;93.3467349779993;88.1508676293825;TeamB;Provider3
8;0;117.90439955048;89.8470339924944;73.1748204880941;TeamA;Provider1
53;0;121.673679241177;100.007683805737;130.303501908373;TeamC;Provider3
40;0;60.2330663215384;107.527118534766;62.6571442396658;TeamC;Provider1
46;0;94.2309198498185;107.958345279283;110.657784765995;TeamC;Provider2
5;0;74.4874742553701;99.1000938689444;79.5216171225256;TeamC;Provider3
41;0;92.4536090024851;92.4953519310469;140.160091064911;TeamB;Provider2
12;0;112.047415037756;89.8495936303829;81.1009531251311;TeamB;Provider2
65;1;125.03269182775;101.163482122777;126.024076632982;TeamB;Provider3
80;1;96.0087845346873;84.5875536112717;95.2872533435288;TeamA;Provider1
93;1;109.67113774267;104.600331649959;102.881956671073;TeamB;Provider2
63;0;154.924585323486;77.6772490671551;112.048806919732;TeamB;Provider4
77;0;105.758214546742;112.408930060942;112.242916523935;TeamB;Provider2
65;1;93.357275887846;89.2903363889498;99.5577366447448;TeamA;Provider3
92;1;99.961581529566;105.944787657841;114.997360098178;TeamA;Provider2
62;0;95.9222682584701;102.590467571097;89.9954886309039;TeamA;Provider3
52;0;111.723933351759;89.9333337589148;112.72740669739;TeamB;Provider4
85;1;97.9282765000426;96.3070604917345;109.486698219371;TeamC;Provider2
92;1;128.72773484107;96.5898044959697;135.250775376116;TeamA;Provider2
92;1;133.107706647993;104.051493026846;120.958628619147;TeamA;Provider2
88;1;126.705861902611;92.4419703650027;104.907186909242;TeamA;Provider4
80;1;150.695689528674;111.988761506953;85.8635472912536;TeamB;Provider1
58;0;80.0196752839569;120.84406297355;116.30644524391;TeamB;Provider1
55;0;74.5775414252187;113.001843979255;114.518932875339;TeamC;Provider2
33;0;140.985874411662;87.2500662836738;125.473372069912;TeamA;Provider4
13;0;35.7636019932176;106.335528861013;94.1885221350322;TeamC;Provider4
34;0;91.6082213477323;114.861703568255;104.153620625064;TeamB;Provider3
85;1;103.707550808905;92.4101919357361;91.1002929958145;TeamC;Provider2
65;1;111.809436697215;75.4802747843516;112.846841099477;TeamB;Provider3
80;0;124.860104069951;118.149778081614;113.887910662665;TeamB;Provider4
41;0;112.73643013801;92.3734984262924;85.4898006455395;TeamC;Provider1
65;1;102.194994045511;93.3898316420857;70.1139313858213;TeamA;Provider3
65;1;128.317297548147;106.729156992143;94.741784198989;TeamA;Provider3
43;0;94.0117168391878;91.9327964247054;111.4627320735;TeamC;Provider1
80;1;91.3993172925577;99.9194958342181;80.8328907039353;TeamB;Provider1
80;1;102.709719554577;102.846777786908;108.32429906737;TeamA;Provider1
55;0;77.4666104961101;89.2017992795958;84.5391075353401;TeamB;Provider3
88;1;143.864742065685;95.8777395415781;117.161092268518;TeamA;Provider4
17;0;93.9114045084621;106.036413230306;112.541860388337;TeamA;Provider2
86;1;122.863438457303;115.917602774871;72.5407469717581;TeamC;Provider2
3;0;120.074290056417;102.992073231124;91.2953860056712;TeamC;Provider4
81;0;65.1129114532487;105.453560973242;97.0548075567352;TeamC;Provider4
93;1;75.997300791401;96.3718599016988;98.9340865527327;TeamB;Provider2
65;1;90.5998359828134;98.0743814155546;96.263613601552;TeamB;Provider3
55;0;85.9797639257234;104.271184936057;121.445299627342;TeamB;Provider2
25;0;111.66906168289;93.2722330123621;119.010168694167;TeamC;Provider3
93;1;86.9966434632626;91.0384639160745;58.5852075926022;TeamB;Provider2
82;1;93.6224554651076;94.0147863865749;70.8505776685802;TeamC;Provider4
13;0;143.861242680759;108.481702468964;93.2378867715019;TeamA;Provider4
19;0;64.2856574239792;114.037572026435;123.755116954815;TeamC;Provider4
86;1;97.5334512140937;96.3048156416808;76.9080840528664;TeamC;Provider2
60;1;77.8361048524238;112.832544257968;121.786371059274;TeamC;Provider3
81;1;95.782193960959;112.793400620669;98.6350135029307;TeamC;Provider4
80;1;80.1609630151375;109.942524346543;113.98390027766;TeamA;Provider1
93;1;114.629874905308;102.294442011511;51.1069447970247;TeamA;Provider2
43;0;82.670224659281;106.235353336955;115.375705181562;TeamA;Provider2
63;0;101.121108790748;87.703860344186;117.678155866477;TeamC;Provider2
45;0;85.4702501025217;111.548678650374;84.4890786308658;TeamA;Provider1
93;1;129.585306099462;93.6921081811629;84.9157247213964;TeamA;Provider2
77;0;113.090877702855;109.369809310099;95.6061250714428;TeamA;Provider4
9;0;113.414853264632;108.081163253465;110.056178311314;TeamC;Provider3
60;1;84.1116097529466;118.781188373196;106.942328247493;TeamC;Provider3
62;0;84.2415607423947;101.836649073322;80.4548736283596;TeamC;Provider4
82;1;96.8404823476972;117.828951464694;73.4733036384883;TeamC;Provider4
29;0;112.745001631496;91.6176697347715;100.954566699519;TeamB;Provider4
65;1;92.3507186371606;106.193923154273;107.537179188728;TeamA;Provider3
49;0;73.1451386057527;95.2434853540801;120.781024101294;TeamA;Provider4
72;0;121.108531117477;95.0955494688152;104.781153200842;TeamC;Provider1
16;0;82.6110017451367;113.156381166646;130.545163183228;TeamB;Provider1
56;0;125.844972322116;94.1146668049982;88.6899698552587;TeamC;Provider3
80;1;99.4311989422029;96.433310873341;55.9111968271688;TeamA;Provider1
40;0;96.0686955812618;105.220633243305;120.278490743429;TeamC;Provider4
57;0;89.1437800649713;106.311011107728;76.4064557909604;TeamA;Provider3
88;1;82.3942970464039;96.8267281534764;125.431537602933;TeamA;Provider4
93;1;122.519103850655;100.332336641171;93.4436474328797;TeamA;Provider2
20;0;114.673445410392;91.8607459247273;88.2958657999249;TeamA;Provider1
12;0;104.106059752901;105.96285570638;113.616254215735;TeamB;Provider1
57;0;104.128514543804;91.5325881967492;110.080273661635;TeamC;Provider3
65;1;86.499783540738;86.6364181648243;92.6459866083664;TeamB;Provider3
50;0;102.543664484748;94.8255951297316;67.1684648653583;TeamB;Provider1
42;0;114.700666434703;109.093552914285;108.69681843308;TeamA;Provider4
49;0;89.6226491275226;102.993882288579;142.028495332867;TeamA;Provider2
65;0;101.15848082272;89.2341545335987;111.186977743816;TeamA;Provider4
65;1;51.6995079596533;58.5473011088287;60.5182043713699;TeamB;Provider3
44;0;81.5031072163448;104.114103350729;73.2757312400517;TeamB;Provider3
92;1;134.95260423364;88.480100802305;108.677366445166;TeamB;Provider2
9;0;89.3200640799271;95.9759625627427;98.2371673563208;TeamC;Provider3
48;0;80.9496280304893;106.302558801453;96.2574823344912;TeamB;Provider3
49;0;81.8294053430611;104.982553415194;102.289149465515;TeamB;Provider3
65;1;107.434867163307;90.8230365507307;138.413340480249;TeamB;Provider3
36;0;116.693788086611;104.525534244738;107.338477312999;TeamC;Provider1
60;1;85.4440521078382;107.337355064899;86.7257157635082;TeamC;Provider3
81;0;80.0081522617882;92.9453275828412;104.999458474932;TeamB;Provider2
24;0;110.643917311425;98.1407180793817;86.3950329686721;TeamB;Provider4
60;1;90.8461495764975;107.245502737414;102.928898687961;TeamC;Provider3
65;1;99.4992547465561;103.383161086363;119.750757221994;TeamB;Provider3
63;0;78.7718465711451;93.1623138416989;85.0243110069676;TeamB;Provider3
93;1;71.1055681931039;108.693176493761;81.7393616450786;TeamA;Provider2
92;1;70.3577643257561;93.1699200054257;149.872297556087;TeamB;Provider2
65;1;93.245430078262;89.396624645203;107.184047492644;TeamB;Provider3
28;0;88.6878347649398;86.6913342470727;128.379991586387;TeamA;Provider2
25;0;65.5516316131054;89.2307842142261;148.014580915674;TeamA;Provider3
74;1;129.453860278329;108.619746884907;97.5466048530807;TeamC;Provider1
20;0;119.257156136223;100.67069459066;65.0410986136274;TeamA;Provider1
93;1;122.502900086477;87.0835998729072;73.0078469443342;TeamB;Provider2
57;0;89.3451341978118;102.957646994954;97.16886592048;TeamA;Provider4
46;0;105.154881168955;95.1982883489149;116.970625339454;TeamC;Provider3
60;1;96.4364559773802;102.892982827937;114.85339172222;TeamC;Provider3
56;0;98.1478549168445;110.388852107273;138.490816254417;TeamA;Provider4
1;0;92.1008019541113;89.9946108482843;97.2922895844165;TeamB;Provider1
76;0;87.0927608855608;98.3847484150597;79.9570558294852;TeamC;Provider2
31;0;102.333639429427;96.422984339337;80.7516607943767;TeamA;Provider3
54;0;91.6377596794944;116.734085844821;125.553105930304;TeamC;Provider4
1;0;104.658530150439;107.537665798584;126.374316818177;TeamB;Provider1
64;0;116.814953502375;85.5881518113194;95.1568734716053;TeamC;Provider4
53;0;87.9676361130109;91.2008669346394;113.260218406132;TeamB;Provider4
62;0;96.1406712872515;79.3349773748967;139.352002439575;TeamB;Provider1
12;0;53.4501816144547;79.649829156162;103.629850124074;TeamA;Provider1
76;0;90.385761750259;104.533784524065;111.323186176476;TeamB;Provider4
53;0;67.8933614127178;99.51692219133;111.848820484061;TeamB;Provider3
86;1;111.516036428972;99.1173039778683;94.1795350727101;TeamC;Provider2
29;0;121.389009804764;83.710845630304;101.806529782829;TeamC;Provider4
80;1;147.41389191094;87.4453359853293;100.040835341083;TeamA;Provider1
65;1;109.744643234235;89.67105475928;138.547325457341;TeamA;Provider3
60;0;79.8289114388198;101.068984190191;99.3682461185409;TeamA;Provider1
65;1;104.641410808618;111.418839547209;96.5115437919121;TeamB;Provider3
88;0;79.9061586975692;77.4333858103358;71.1694724697557;TeamB;Provider2
47;0;121.624882542245;98.6943042768565;74.750575674026;TeamA;Provider3
3;0;110.735068064077;113.291775916506;54.5328689244683;TeamA;Provider2
65;1;101.749202399594;92.0145277808525;103.765406840488;TeamA;Provider3
19;0;71.8175896895071;100.280969415627;102.269367236838;TeamA;Provider2
65;1;108.156817947281;102.231343982768;83.4708123998765;TeamA;Provider3
50;0;105.038294455497;93.9532386396771;120.490000163659;TeamC;Provider4
30;0;90.4843121927931;106.833223174156;55.0116632482894;TeamB;Provider4
58;0;96.5734058442389;108.549876891192;112.956236351843;TeamB;Provider4
82;1;93.486283931338;92.9159864997148;76.2444793940861;TeamC;Provider4
26;0;79.0391301008476;106.411891444556;102.711739767394;TeamA;Provider3
93;1;124.742868512628;97.8535232649657;98.3404982085417;TeamA;Provider2
80;1;110.080005537734;96.8407181503768;100.855971567369;TeamA;Provider1
64;0;109.747259935345;108.053038871963;96.1423979857082;TeamB;Provider1
46;0;72.2555346474148;117.671653603805;89.6800208239819;TeamA;Provider3
80;1;94.397622648099;95.026443168495;87.0392535757974;TeamB;Provider1
58;0;99.1729528006459;105.20153160977;56.1165183953106;TeamA;Provider2
25;0;123.510501157308;105.969040643033;92.6534459585189;TeamB;Provider2
80;1;102.185641046964;89.0669125732228;93.8497169901536;TeamB;Provider1
27;0;87.2214553574883;87.3862991307018;86.81281172288;TeamC;Provider1
93;1;95.8067128046548;92.9120298500373;87.6720936354097;TeamB;Provider2
8;0;123.026381769351;101.292341240001;113.809836136182;TeamA;Provider1
24;0;88.1084557089243;99.4190442119309;89.8388080404031;TeamC;Provider1
80;1;88.6772193876727;97.5218275351826;98.972300068956;TeamB;Provider1
48;0;110.607237659582;103.837306944913;121.152452416007;TeamA;Provider3
52;0;38.7875476749566;116.491816902258;125.00252625575;TeamC;Provider4
65;1;89.3314354784713;85.1521899915463;108.599887750867;TeamB;Provider3
74;1;75.8159811388468;106.123770420123;96.2536091782661;TeamC;Provider1
24;0;85.2261110011397;114.971844223101;85.4191914645429;TeamC;Provider2
85;1;83.5840600782352;79.7245103489956;124.636707368923;TeamC;Provider2
93;1;108.720593073227;100.891857923509;100.878362539408;TeamB;Provider2
16;0;96.6171322699214;110.210490556505;92.2328214409596;TeamB;Provider1
13;0;108.77690387386;87.499101609154;89.6504305901929;TeamC;Provider1
22;0;101.358068878559;81.4129988243187;105.767959945976;TeamA;Provider2
86;1;129.002099512595;93.132400578472;84.8458422284502;TeamC;Provider2
58;0;97.1085423116109;103.113254645779;121.280986039934;TeamA;Provider4
60;1;116.694429364681;106.4850719396;107.711954131823;TeamC;Provider3
93;1;115.185748237625;101.149663259917;91.4716883269653;TeamB;Provider2
88;1;89.4051208188957;89.4682459696252;96.8340415361873;TeamB;Provider4
86;1;88.7702394489168;110.715457750688;79.6101317154018;TeamC;Provider2
62;0;114.142562044188;97.905471116968;165.169955116025;TeamC;Provider1
92;1;79.2567370064288;97.4245067658007;113.802776420347;TeamA;Provider2
65;0;103.736821425322;97.6829740509652;104.781465967037;TeamC;Provider4
88;1;96.1058687862829;83.8884591442696;76.3717689939501;TeamB;Provider4
81;1;119.514682011811;102.377579659223;97.8931335398286;TeamC;Provider4
22;0;88.1520493651797;106.602144603858;113.076283597544;TeamC;Provider1
45;0;76.7685908255345;98.6988954905898;90.7500059082498;TeamB;Provider1
59;0;116.308741517281;97.6750484318373;107.035627959302;TeamA;Provider1
35;0;81.9485519080474;109.631448604162;89.6033666866992;TeamC;Provider4
18;0;114.354914569116;91.1675775637388;117.169567464062;TeamB;Provider4
38;0;48.590346607889;107.018974635254;82.6723395111623;TeamB;Provider4
81;1;99.5278986689027;94.5718040517603;110.781497474752;TeamC;Provider4
92;1;81.3731458392522;91.7099194137588;131.421716946244;TeamB;Provider2
80;1;72.296058067071;98.6510039082774;89.7536158331099;TeamA;Provider1
61;1;105.706606453781;103.486197455044;59.6419568132676;TeamC;Provider3
4;0;85.2906006530485;73.2986298412294;108.483401945763;TeamC;Provider2
48;0;95.7217421196235;104.694728762248;111.71389160252;TeamB;Provider3
63;0;81.9252100807152;87.5975959643428;110.906688791055;TeamC;Provider1
31;0;127.258047819706;97.6539167340485;111.915959234969;TeamC;Provider4
65;1;89.7523156576636;106.451966746151;141.082759232952;TeamB;Provider3
65;1;90.9448930016202;92.3535606026336;140.603021318622;TeamB;Provider3
93;1;79.6395838345243;115.057382986905;87.2237254304186;TeamB;Provider2
81;1;130.199167583955;97.9562017610238;126.076739364169;TeamC;Provider4
65;1;112.585711804335;101.614263489304;80.8356847423374;TeamB;Provider3
13;0;86.0248506819794;80.5320077398407;172.544139817488;TeamB;Provider1
35;0;98.942463411478;90.3191477290107;82.0924398623885;TeamA;Provider4
92;1;107.914156147455;107.515457861752;124.397205028578;TeamA;Provider2
65;1;100.525839714206;108.764540724354;111.984119141896;TeamA;Provider3
85;1;100.152475860196;105.376844615707;112.68532124862;TeamC;Provider2
73;1;74.6611675780662;116.087086882528;129.490271537379;TeamC;Provider1
54;0;101.927719416266;98.6135917236142;97.9027508657038;TeamA;Provider4
56;0;122.329002057831;99.4301849992129;113.288758588706;TeamA;Provider3
61;0;72.3400919271847;104.698883958552;124.927553664933;TeamA;Provider4
12;0;84.5219747863177;93.2329359184512;87.9103466497434;TeamB;Provider3
26;0;108.067832879013;106.343999022224;87.0038070127853;TeamA;Provider1
60;1;102.831237542785;93.541054643469;105.149357684567;TeamC;Provider3
17;0;77.3020351170526;95.2452684909305;102.45445258064;TeamA;Provider4
65;1;92.2762609230389;83.6923652142421;78.0329402659223;TeamB;Provider3
18;0;93.2101447530264;74.9681394303578;120.070107306231;TeamB;Provider3
35;0;81.9576667833287;112.201848657227;116.498072909402;TeamB;Provider1
60;1;118.033622385179;98.5280414494673;131.592074643887;TeamC;Provider3
49;0;104.160055153598;87.3607249729893;99.8563085137967;TeamA;Provider4
85;1;90.2063828303723;101.731938776693;115.197937759897;TeamC;Provider2
30;0;101.352639311319;98.4694512385569;73.0842095511148;TeamA;Provider4
81;1;84.4139390155142;110.822950862136;101.174139354804;TeamC;Provider4
66;1;90.4498772371524;113.957099046856;72.4068456255942;TeamA;Provider3
83;0;113.023796478016;104.880336198356;86.1166357214842;TeamA;Provider4
14;0;79.531097783022;100.487596215651;53.4608222324107;TeamB;Provider3
80;1;104.362706311429;88.176779584346;80.2736798869006;TeamB;Provider1
79;1;112.063388134334;112.229484186411;147.052313361429;TeamA;Provider1
79;1;108.837523320387;94.495237423008;120.420925424326;TeamB;Provider1
7;0;118.101248979958;109.519365484327;107.370707314478;TeamC;Provider3
80;0;127.371350791504;103.573497600551;111.225128696336;TeamA;Provider4
44;0;73.2054165948549;87.2773043206997;94.8109772183129;TeamB;Provider1
46;0;89.6800915015125;102.25336921467;108.454824534182;TeamA;Provider4
85;1;173.282540827248;111.662654298252;124.708910165742;TeamC;Provider2
81;1;83.5748834620501;106.489472643687;107.773253362082;TeamC;Provider4
5;0;133.06398890466;84.460125355203;108.898932370232;TeamA;Provider1
51;0;113.284976204029;102.652780938162;109.579811518039;TeamB;Provider3
49;0;103.890858474369;108.447770412816;99.5807682881509;TeamC;Provider2
51;0;116.246305009716;80.8182919124197;92.6006396687901;TeamB;Provider1
80;1;93.6982343298828;106.250102953007;100.561501698409;TeamB;Provider1
4;0;124.630087218962;94.236525933808;99.5212991619006;TeamA;Provider3
55;0;114.583173891617;91.7753354577021;85.7022814387329;TeamC;Provider3
66;0;86.9022032148312;98.9122858157102;88.9968662213266;TeamC;Provider1
9;0;71.4820394579419;89.4694515181956;132.747711796651;TeamC;Provider4
76;0;95.3103348048632;93.4641183631213;78.1293819348885;TeamC;Provider2
65;0;111.622580444356;93.8960638585208;125.27755948811;TeamA;Provider4
71;0;105.971447847015;87.3674874240132;106.551715177033;TeamB;Provider2
85;0;96.4638417148687;120.25095657015;107.80493090666;TeamA;Provider2
21;0;99.0036527255048;97.3285027497227;72.7718723463772;TeamA;Provider4
45;0;146.482609959968;98.8482515387825;106.979032786164;TeamC;Provider4
74;1;109.819570711956;90.7115116689378;66.8532764477708;TeamC;Provider1
78;0;94.038525448479;96.5797405321449;127.291351440555;TeamB;Provider2
56;0;97.3011312164176;90.8700041666766;80.6965671992975;TeamA;Provider3
60;1;86.4175554470993;103.155599174658;137.104077115018;TeamC;Provider3
6;0;132.093877033479;96.4146282887489;123.03063186359;TeamC;Provider3
50;0;114.278117914019;95.1667930208308;88.9906970071467;TeamA;Provider1
28;0;70.0457688073586;104.98020143056;70.6616966917578;TeamB;Provider4
93;1;122.973006074713;94.1841311523578;95.6383973497058;TeamB;Provider2
69;0;88.9917655236571;94.0895584649205;89.4148844172307;TeamC;Provider2
28;0;104.731654311236;102.861365490141;109.62809347914;TeamB;Provider1
46;0;67.4631450489307;100.312830186741;88.6162240608059;TeamA;Provider1
24;0;86.6568872211224;110.355744312866;105.599702018732;TeamB;Provider2
61;0;130.620585384325;117.536246382422;72.8538466732044;TeamA;Provider1
77;0;136.346695280938;96.6079761457015;99.9695410376174;TeamB;Provider1
54;0;117.686364916119;105.263691364113;69.3830010293317;TeamB;Provider2
22;0;86.8192969446454;85.2584180386851;115.926644261121;TeamA;Provider2
63;0;77.4245434966431;89.9580439500202;112.272675216447;TeamA;Provider3
81;1;136.547799564104;97.2937333282215;105.38996908221;TeamC;Provider4
65;1;75.4638042924908;113.005929972055;122.009132113596;TeamB;Provider3
81;1;91.1115632106508;103.137791750193;99.6825913342914;TeamC;Provider4
74;1;126.434525653713;105.314824723213;107.896672021421;TeamC;Provider1
66;0;93.3146256481827;97.2627603662759;90.1288101102304;TeamA;Provider4
85;0;76.0691456574683;97.0736997009703;83.249853384348;TeamB;Provider4
30;0;106.831263333509;101.213581102125;79.9111735255025;TeamA;Provider3
80;1;104.702919800968;101.730224619316;68.5900158534665;TeamB;Provider1
80;1;64.9793402105286;102.102483148552;82.6773426486874;TeamB;Provider1
63;0;90.9917675783353;93.9534549898847;81.0992495454366;TeamA;Provider4
19;0;76.2381411465394;106.721599671002;123.118131836517;TeamC;Provider1
54;0;112.252107464115;102.839895144936;103.103579378148;TeamA;Provider3
40;0;105.5142855907;99.4815644103576;62.0868276111813;TeamC;Provider2
35;0;138.996848475539;86.8689997189544;89.3593386063532;TeamC;Provider4
29;0;80.7822454022459;94.5538428091804;87.4737134592382;TeamC;Provider2
89;1;58.2824038334035;99.0438599170654;59.1837538960665;TeamA;Provider4
80;1;126.20749580981;108.309433768199;115.591693891638;TeamA;Provider1
33;0;111.737241042831;96.4704318601272;85.4737001683201;TeamB;Provider2
81;0;57.4364218434798;113.586128346986;88.2030025953689;TeamA;Provider4
80;1;84.1302998723161;97.3992180745318;92.5022644393984;TeamA;Provider1
88;1;89.4226350478543;117.87137392257;106.116978442789;TeamA;Provider4
77;0;88.4091057313497;96.9675276109082;102.877008208792;TeamB;Provider1
8;0;100.777048013877;86.1899776382202;93.7743782187842;TeamA;Provider4
2;0;132.825074309486;103.291525219235;132.917355537785;TeamC;Provider1
14;0;93.8010769819942;95.2204350603405;114.194658330098;TeamC;Provider2
80;1;116.034760770925;113.029899016979;118.984113368373;TeamB;Provider1
74;1;79.2104734528328;91.6235299419284;98.4860332473504;TeamC;Provider1
38;0;63.475987278417;101.284186351722;139.559247633557;TeamC;Provider1
65;1;105.410321652892;81.9330362662355;110.817436250094;TeamA;Provider3
79;1;123.707528420136;95.0582419649754;114.315000091559;TeamB;Provider1
41;0;108.449494919223;107.255388291963;125.34029097203;TeamB;Provider2
13;0;85.7802720117849;92.8448367198365;90.2360567033015;TeamA;Provider3
42;0;129.716031942834;101.189589520618;99.9239797317015;TeamB;Provider2
92;1;65.7483249045467;94.926313640919;102.343648535515;TeamB;Provider2
92;1;83.3672664018215;112.143634272588;115.093137834906;TeamB;Provider2
65;1;111.959184407894;117.939408374627;98.5294338564402;TeamA;Provider3
34;0;133.894663532284;105.339567501214;90.3329173704691;TeamA;Provider3
65;1;95.3174682499008;80.6308894704528;92.2132695387716;TeamA;Provider3
65;1;100.35621258351;103.824800747764;86.0879406309417;TeamB;Provider3
65;1;104.655690428913;93.5158374969702;107.738142918445;TeamA;Provider3
80;1;107.312106184681;99.2719729654935;102.030761186127;TeamA;Provider1
61;0;129.402663544774;105.403790691103;87.5560596465109;TeamC;Provider2
45;0;88.0475068257619;108.400040219926;90.8708849551986;TeamA;Provider2
33;0;129.540844997644;92.1216274149076;72.3770322609911;TeamA;Provider2
55;0;92.1617228960782;111.765402128864;112.223980173807;TeamA;Provider1
86;1;81.0568759204583;97.7773965200994;68.7448646533643;TeamC;Provider2
2;0;96.6846585167409;91.4731916704487;92.5909681366316;TeamC;Provider3
80;1;77.0001110839389;98.5353253518795;97.1612124860255;TeamB;Provider1
61;0;127.821077998634;95.9903654449031;104.120367524285;TeamB;Provider4
62;0;105.635963142078;92.7417201120379;98.9073446318555;TeamC;Provider2
23;0;86.3692015982672;80.867812703331;52.5812745703675;TeamC;Provider3
60;0;109.117725497187;92.7776449632217;98.6866462728961;TeamB;Provider2
73;1;96.9785358743389;80.5806695474245;121.475502060314;TeamC;Provider1
92;1;120.184206184581;82.465577657416;132.258599093676;TeamB;Provider2
50;0;108.536148495676;107.429257190222;73.025329009038;TeamB;Provider4
92;1;79.3953376088118;94.7009006025749;115.178837583108;TeamB;Provider2
46;0;96.6517414907772;107.978142413257;116.748521468953;TeamC;Provider1
79;1;83.8596603805802;86.3624847493421;110.847140853272;TeamB;Provider1
67;0;85.5780272341214;100.672950492819;118.526630254106;TeamA;Provider4
54;0;129.815820703543;96.9559089484503;111.164723196705;TeamC;Provider4
27;0;93.6757447840965;101.920229781924;117.450966438488;TeamB;Provider2
93;1;94.0129235544356;107.994372731883;86.8242060497263;TeamB;Provider2
81;0;98.568893159432;106.073924727441;62.0809708601261;TeamC;Provider4
86;1;85.5454686379548;103.560380484033;95.4604446714956;TeamC;Provider2
6;0;97.5270692326445;101.249552028874;113.426554452633;TeamC;Provider2
58;0;102.116709243826;102.309393543076;100.717121795973;TeamC;Provider3
41;0;118.513794876154;96.8172962748196;127.279811454154;TeamC;Provider4
43;0;88.3708172632466;88.252047255559;88.8561542915224;TeamB;Provider4
50;0;110.446073744857;99.5967327244228;100.252123368955;TeamB;Provider4
56;0;112.451108305881;94.6896782022079;62.7168120458244;TeamA;Provider2
72;0;85.5622835093624;102.418594873163;97.1437312340019;TeamB;Provider2
93;1;36.9572185184655;106.369383044482;87.5379946647903;TeamB;Provider2
86;1;123.302840746867;103.762328325033;49.0321527037017;TeamC;Provider2
5;0;86.6780299175041;97.6271034681636;107.559071174972;TeamB;Provider2
67;0;71.4909828700204;93.2324069013906;111.742241265385;TeamB;Provider4
85;1;69.5373147760294;82.6124651066287;120.291262210665;TeamC;Provider2
83;0;100.28486083158;102.433621599301;106.18755158341;TeamA;Provider4
88;0;103.106906180194;100.227662854929;70.15612853004;TeamB;Provider2
33;0;99.1694966410939;109.040779740113;105.114770780283;TeamC;Provider4
82;0;89.0330593586444;102.111698047076;120.45751598487;TeamB;Provider4
93;1;96.0062592815158;91.5174760604001;95.3094535679002;TeamA;Provider2
12;0;104.462267108792;100.079860416776;78.3208273266128;TeamC;Provider2
20;0;144.831716892553;117.907779193838;108.936224142379;TeamB;Provider1
92;1;95.1156514332107;84.6558046544867;122.739044782172;TeamA;Provider2
69;0;66.9330274113447;95.6996094115149;115.368525666131;TeamA;Provider2
52;0;71.2233783616127;91.6444473847867;99.0634152497878;TeamA;Provider1
55;0;103.452460469939;99.7675561079337;128.075925519284;TeamA;Provider2
72;0;118.418412682938;98.541470546428;112.48712502253;TeamC;Provider4
65;1;57.193140908646;102.157621770882;106.448433456952;TeamB;Provider3
27;0;102.676657490974;88.9632025759746;102.979857392178;TeamC;Provider4
80;1;133.779286559295;103.139964469493;104.121542922843;TeamA;Provider1
74;0;99.2177461077696;85.0446983320266;71.4635286177983;TeamA;Provider2
66;0;116.814456036212;96.5603643650983;122.275726244834;TeamA;Provider4
7;0;120.285993781689;103.454136846833;90.5682718857509;TeamB;Provider3
79;1;112.977876255953;98.378240103463;125.761465668493;TeamB;Provider1
92;1;116.740412221959;104.204599108019;129.384728912948;TeamA;Provider2
73;1;94.388588285325;117.554571780753;137.664512340087;TeamC;Provider1
53;0;116.984075686459;85.8356836615256;104.986985496813;TeamB;Provider4
88;1;73.7046001127577;95.0772385961086;105.511616444597;TeamB;Provider4
81;1;121.691151607681;96.4482099919405;108.489184013918;TeamC;Provider4
93;1;107.271387192685;89.4304746531811;60.3001033366616;TeamA;Provider2
80;1;109.279616135446;102.938774378057;113.522496332552;TeamA;Provider1
60;1;73.8268230388379;82.7802893474398;121.202287717573;TeamC;Provider3
87;0;100.769051526;111.50984442341;97.4735029924339;TeamB;Provider4
51;0;112.205918851619;101.936527644539;116.034736178109;TeamB;Provider3
38;0;97.922868883207;103.683904695345;95.7743480904281;TeamA;Provider3
88;1;81.7332567569493;95.6129818989221;134.633656051801;TeamA;Provider4
93;1;101.071841300352;101.45977245298;100.46830951453;TeamB;Provider2
49;0;106.560468260568;92.9306467330123;121.03382780252;TeamC;Provider2
58;0;103.842345971241;88.8982945878419;93.4348237420775;TeamC;Provider3
65;1;89.6355782147052;93.4156983125816;119.513903726454;TeamB;Provider3
88;1;121.237458804813;88.6801212840085;86.8397438518232;TeamA;Provider4
57;0;99.2937147358617;98.015435307475;122.865631684364;TeamB;Provider1
1;0;141.042595240696;113.358821776198;91.3105535503129;TeamC;Provider2
74;0;62.1177503698056;95.0504183999557;84.0769422945685;TeamB;Provider4
49;0;86.4520624637606;85.4486135434021;86.0454160639727;TeamA;Provider2
92;1;114.237531900272;104.460985418796;139.940767878265;TeamB;Provider2
74;1;82.8792793655109;99.5086756610299;84.8228916768593;TeamC;Provider1
65;1;111.073486888011;90.4496745758684;89.9454705324975;TeamB;Provider3
18;0;105.671584435259;114.588045941471;120.043248950529;TeamC;Provider2
2;0;81.9639913426735;82.5599055927156;69.8157220466426;TeamA;Provider2
84;0;88.595563544328;92.0172321154608;57.0791138757327;TeamB;Provider4
93;1;93.6649310414725;114.648220052837;104.038908639139;TeamB;Provider2
21;0;125.242931219187;96.1106484565167;122.751084636802;TeamB;Provider3
16;0;122.414271177354;104.502913588606;73.5428182936219;TeamC;Provider4
34;0;116.557097725936;91.8613670010103;86.4181617324583;TeamB;Provider1
88;1;124.91990096669;110.831755272005;81.4869980651296;TeamA;Provider4
81;1;91.4838745887268;103.915681955398;105.979752672816;TeamC;Provider4
88;1;99.2095646656635;102.742668583164;76.1582084849931;TeamB;Provider4
60;1;105.373392674162;87.2261768355247;72.0667170555982;TeamC;Provider3
35;0;70.9590223594592;91.0561068594914;83.5454428860461;TeamB;Provider2
74;1;100.864796859246;108.025161383856;86.0107396409307;TeamC;Provider1
12;0;62.3357999764781;92.2449899196621;93.7036655590274;TeamB;Provider1
60;1;98.1944535714422;94.1912204839034;75.883324809915;TeamC;Provider3
11;0;94.5584518249748;97.7606202518901;81.0677507833456;TeamA;Provider1
48;0;101.723534190696;87.6210296878387;110.268819650388;TeamA;Provider4
62;0;94.602398885013;99.9041787374622;76.5383493721362;TeamC;Provider1
59;0;110.934903492598;93.210895130837;155.383885662236;TeamA;Provider2
93;1;68.4380512685562;87.6599597541987;91.9192181532937;TeamB;Provider2
5;0;124.06032098103;106.602517787526;100.136732813361;TeamB;Provider3
59;0;98.0161312823928;97.5377027764583;99.2039655581169;TeamC;Provider1
55;0;146.333341848625;98.2375059149169;103.209237304939;TeamB;Provider1
79;1;143.807082623188;106.323960134469;122.020557975805;TeamA;Provider1
11;0;94.6061105925211;113.972122275195;68.8084123986482;TeamC;Provider1
18;0;83.2948558959737;107.504630626063;94.2238018343344;TeamC;Provider2
55;0;92.6527338858318;88.2952566642838;95.7104215902557;TeamB;Provider1
93;1;115.019428176277;113.862350860306;86.3152361220742;TeamB;Provider2
81;1;127.267799770335;84.2694932441904;93.0302748939447;TeamC;Provider4
80;1;95.915753560591;95.0658102931294;84.5935947159323;TeamA;Provider1
80;1;95.0757550792684;104.609516399834;68.8734965637444;TeamA;Provider1
74;1;87.5083165734186;90.0848879444927;74.3331566387379;TeamC;Provider1
65;1;129.966435145808;95.7676724884316;110.724367196665;TeamA;Provider3
93;1;143.587259593435;87.5294052286467;95.5987960262838;TeamA;Provider2
79;1;121.392016201665;116.157060243636;131.383272311401;TeamA;Provider1
23;0;98.2261405994136;102.259017497682;71.9511999833472;TeamA;Provider1
34;0;67.473275545814;107.315640850505;83.0528388066842;TeamC;Provider4
85;1;105.907631414663;116.032056113746;119.301909364493;TeamC;Provider2
52;0;93.099811465931;103.466190672127;71.4977757099296;TeamB;Provider3
65;1;119.136948334995;101.322881859796;82.6631704333684;TeamA;Provider3
71;0;88.1862131144336;116.038864303825;103.525233712955;TeamB;Provider4
60;0;86.0004639902172;100.134086666981;111.421224911864;TeamB;Provider3
38;0;79.743721472278;88.1970400882297;96.9471570815175;TeamA;Provider3
66;0;91.0513861371901;97.5246644134486;78.6174266061584;TeamB;Provider2
39;0;101.676734915787;104.465463180462;78.7549545458093;TeamA;Provider2
74;0;109.557966151758;115.130581701144;126.39215475693;TeamC;Provider4
55;0;110.007172557802;110.676993080956;149.446720252399;TeamC;Provider4
54;0;69.0231752458386;103.640010497281;49.8199026378714;TeamC;Provider2
59;0;118.412843318525;98.1989254381388;73.3733313527285;TeamC;Provider4
27;0;86.070643797823;104.915031464841;137.60615459474;TeamA;Provider2
34;0;152.247259071176;104.465021647513;68.166865138964;TeamC;Provider3
7;0;124.38063958832;101.543218484727;102.611437814176;TeamB;Provider4
20;0;130.776028602374;107.100044158904;94.5256947037284;TeamC;Provider2
88;1;97.00377887565;104.619984296206;120.703500349181;TeamB;Provider4
41;0;103.222429853566;88.1802648911729;99.3788546967735;TeamB;Provider1
8;0;76.3140171421711;96.5301431613911;77.8065786054196;TeamC;Provider3
31;0;71.3220851500687;101.342966380477;117.539157895717;TeamA;Provider4
36;0;137.212822940476;108.457016365429;133.62405484839;TeamC;Provider1
92;1;126.819169254288;83.3110949342233;117.666962905001;TeamA;Provider2
81;1;88.0162078868757;101.284749552094;93.0788466498414;TeamC;Provider4
23;0;77.5284340045188;102.376356603246;107.688731265888;TeamA;Provider2
86;0;76.1966482874448;102.69190072984;95.9769699304037;TeamB;Provider2
88;1;97.8614058392145;108.591160334744;99.8676088893154;TeamB;Provider4
34;0;86.143927741775;94.8690641564518;128.106399413465;TeamA;Provider3
25;0;98.5626193476727;96.5245022057101;49.8484693916919;TeamA;Provider1
60;0;113.226928530792;128.5950382599;96.4887392716014;TeamA;Provider1
13;0;77.9098028053159;81.7188230460476;116.27016757127;TeamC;Provider3
65;1;73.4390873298102;104.027956672612;94.9069267288887;TeamB;Provider3
42;0;79.3145506311807;97.4011803260534;78.5064614661066;TeamA;Provider1
74;1;82.898004582812;89.931102713145;77.2732841320437;TeamC;Provider1
16;0;83.3161189389479;102.653860266742;106.32379782968;TeamC;Provider2
56;0;87.5132178147223;115.461282003485;104.024232920398;TeamA;Provider4
2;0;69.9398975741455;86.2923872137603;91.8619831607965;TeamC;Provider3
40;0;80.4007161191632;116.07755850691;94.0109834925596;TeamC;Provider2
8;0;71.9863277658513;91.9602387556708;109.951767954085;TeamB;Provider4
93;1;79.524182956074;89.0224113499365;90.3098982243133;TeamB;Provider2
74;1;87.0741333981318;123.267693504058;101.006416290827;TeamC;Provider1
53;0;108.929216525704;86.1687225946016;107.69512745478;TeamB;Provider2
12;0;95.0630550766382;105.985944837959;108.008286561862;TeamB;Provider2
65;1;98.4117459641671;101.098345428194;100.763012433118;TeamA;Provider3
92;1;105.38312401655;106.417317704028;133.650469907251;TeamB;Provider2
34;0;75.1716324328247;99.0688751643314;105.636083488595;TeamA;Provider2
92;1;111.273041638987;84.0277513642061;122.196842838124;TeamA;Provider2
93;1;89.10571118537;94.896069476687;93.7346169417357;TeamA;Provider2
80;1;136.363399032275;89.9020476111775;77.3760986979806;TeamA;Provider1
44;0;98.4683561017738;100.230812236062;117.352803125377;TeamB;Provider2
60;1;64.1077885081749;97.408473261851;133.744831662494;TeamC;Provider3
35;0;101.114614094756;101.443588733347;102.252668531025;TeamC;Provider3
22;0;87.6698225491988;122.359125126431;89.4313582582135;TeamC;Provider2
46;0;133.483558273956;96.4460413778451;86.1177334705843;TeamA;Provider4
8;0;92.2602717236116;88.160594743489;125.675071814945;TeamC;Provider2
71;0;96.7089701151625;111.763116261491;102.402376943337;TeamC;Provider2
85;0;109.626239793362;99.7041413175942;112.418278520955;TeamC;Provider2
40;0;101.632660096327;82.8415193906025;97.3135436981735;TeamB;Provider2
92;1;102.340943089281;90.8066525905072;109.233879061013;TeamB;Provider2
9;0;95.0314663579758;99.0437821054054;133.463781387037;TeamA;Provider4
47;0;97.5639994248352;97.8287669783261;79.9884023880939;TeamA;Provider1
53;0;98.3296228483694;100.593810918323;115.574104672874;TeamB;Provider3
16;0;98.8578846256265;94.5961915775676;114.293405610252;TeamC;Provider4
17;0;94.6895033110666;108.28221078778;89.0581329758517;TeamA;Provider2
65;1;96.8779863146276;98.3245499679405;111.127674058419;TeamA;Provider3
88;1;91.6457395090191;103.859003324832;92.3452669325506;TeamA;Provider4
19;0;112.403327450774;107.738366744759;111.479289516057;TeamB;Provider1
77;0;137.366907704013;98.2630189444944;87.225264736008;TeamA;Provider4
65;1;87.7137937603678;82.1579422983614;121.869235987125;TeamB;Provider3
63;0;110.083131033781;112.981255134109;96.6274821351435;TeamB;Provider2
47;0;94.0060208703756;102.141170308859;55.6263735858614;TeamC;Provider1
10;0;68.6614837498014;106.17035460387;71.7579110093989;TeamC;Provider1
80;1;95.3239756730385;103.290379069403;109.411016202253;TeamA;Provider1
74;1;116.631920812448;113.131656166672;83.1886714016427;TeamC;Provider1
53;0;86.8200704137517;107.214176625515;95.7994367400252;TeamB;Provider3
92;1;83.4177586891891;91.629271676119;148.12840182372;TeamB;Provider2
55;0;83.8698941466232;122.349205572493;62.5481749314757;TeamB;Provider2
48;0;123.046047952373;103.75440812211;95.8259289585454;TeamC;Provider1
85;1;94.6070505298048;102.85312588233;100.272025565929;TeamC;Provider2
65;1;112.893970938301;104.742757300075;107.360630649164;TeamA;Provider3
61;0;109.259770620019;92.2501738436271;70.1168101959722;TeamA;Provider3
32;0;127.266919390447;93.9293256402371;73.306119703627;TeamA;Provider1
86;1;99.6495462897836;104.909251803415;93.4334261371718;TeamC;Provider2
60;1;51.462223948625;100.551116866637;106.511403075536;TeamC;Provider3
85;0;67.4667273558034;111.228097854918;89.0860261757429;TeamA;Provider4
18;0;124.544449478572;94.4941153784932;130.882358188402;TeamB;Provider4
81;1;70.2315432702041;118.904873300173;103.649681485203;TeamC;Provider4
81;1;93.6250424507039;111.779329340345;126.99957636196;TeamC;Provider4
80;1;80.8034881973998;101.637449980656;116.465016131973;TeamA;Provider1
78;0;90.0703861962889;86.5167871790737;129.787745431393;TeamB;Provider1
39;0;99.9471369278115;88.0797163305951;100.815349249862;TeamA;Provider3
88;1;82.4880749715973;94.0632512127408;118.094544837394;TeamA;Provider4
79;1;111.766172366061;97.2245922654652;116.803067113169;TeamA;Provider1
28;0;80.5392380722922;105.454307043823;117.114820140652;TeamC;Provider3
86;1;119.147172396443;88.6978330670181;44.0586193666166;TeamC;Provider2
74;1;75.24853056165;106.874324456629;53.8688915421606;TeamC;Provider1
81;1;97.5018264321562;92.2280386632482;80.8001592499436;TeamC;Provider4
34;0;56.9187047797249;74.7474154323045;94.9233969683204;TeamA;Provider2
80;1;96.1052436562064;116.493253755881;97.1431875796629;TeamB;Provider1
2;0;69.0458009875591;104.21461419472;83.0766020923846;TeamA;Provider3
80;1;83.1243668851917;103.954519913139;92.1182029739134;TeamB;Provider1
49;0;96.0259550974909;101.766574470597;129.395918327533;TeamB;Provider3
73;0;62.212398640684;97.980555432284;112.045723026727;TeamA;Provider1
12;0;113.033943198844;111.219652991412;107.999878668341;TeamC;Provider2
18;0;90.2445261208826;109.523417485546;123.347188765842;TeamA;Provider4
88;1;115.250734020743;112.15881504572;102.082981703978;TeamB;Provider4
60;0;110.881229389371;90.7489880491111;105.055992831972;TeamB;Provider3
15;0;73.647483883472;108.878362182499;120.111978126801;TeamB;Provider3
44;0;131.502407698309;106.5461545208;109.803034918713;TeamA;Provider4
30;0;130.08947694698;96.3677465463466;103.608343788988;TeamA;Provider3
12;0;107.340919549698;89.5379914245562;76.7571512538491;TeamB;Provider2
80;0;89.8822227357201;103.847033231518;90.8944963494642;TeamB;Provider4
60;1;84.2510443868531;101.345903697692;137.731650736163;TeamC;Provider3
77;0;99.5522835147389;99.2654850389908;91.4661691604249;TeamA;Provider1
9;0;105.705985314247;93.901440404445;114.699901776122;TeamC;Provider4
17;0;63.6882948586703;87.0401166242022;124.594329758108;TeamB;Provider2
74;1;104.17149102964;106.385682304388;104.016076901761;TeamC;Provider1
92;1;110.868929477591;98.5840231965362;121.560520755058;TeamA;Provider2
85;1;85.2043483642503;108.833449438044;119.164043095589;TeamC;Provider2
80;1;132.613006127246;94.9246753432268;86.815609477175;TeamB;Provider1
61;0;90.1999152146795;87.7240807741426;148.794877323806;TeamB;Provider1
38;0;105.849510622478;120.822109015319;102.829345934851;TeamC;Provider4
48;0;105.508898367029;117.321656086361;92.4026811704867;TeamB;Provider4
65;1;84.7512674902862;121.810666141841;102.970259971178;TeamB;Provider3
55;0;107.641318026284;113.515251151315;90.9112721024214;TeamC;Provider4
88;1;85.5834849198282;106.112353053383;92.0846080770726;TeamB;Provider4
80;0;93.2828922485173;112.063609962946;95.2177329298806;TeamC;Provider2
86;1;87.5950461927461;90.7036618663612;71.4124343389831;TeamC;Provider2
61;0;92.1591562077155;102.992346134046;85.1545664072389;TeamC;Provider1
77;0;89.1326431886754;108.281243369757;114.635356963965;TeamA;Provider1
61;0;137.107418641161;89.7534733554905;83.1291920102263;TeamA;Provider1
80;1;103.697095083749;119.087240540128;107.22021274478;TeamB;Provider1
85;1;85.332118379031;92.9757765648247;139.864170196802;TeamC;Provider2
71;0;114.671871554839;106.019761417246;90.6946773074126;TeamC;Provider1
35;0;88.7183346497995;79.2370987276442;123.575621133011;TeamA;Provider4
7;0;103.919882218385;104.467181357552;114.68602229451;TeamA;Provider1
10;0;116.205152281744;95.817619837652;114.043888875796;TeamC;Provider2
80;1;112.504778253501;95.3980058935308;86.0916824383788;TeamB;Provider1
60;1;112.256435716188;85.2411477780629;106.784924014892;TeamC;Provider3
80;1;78.9181898370142;80.5003030338126;87.986408940404;TeamA;Provider1
60;1;100.221632030219;101.370570794389;112.342235007857;TeamC;Provider3
65;1;68.8318041172373;100.007589588715;77.6254651897801;TeamB;Provider3
46;0;100.130383168905;94.5852992165945;120.325406971828;TeamC;Provider2
93;1;92.9766748686757;98.6413713576309;101.33211558869;TeamA;Provider2
50;0;81.6056171343827;88.6523958046223;80.0583213480508;TeamC;Provider1
28;0;126.165319768889;93.4988474239358;87.9838612663128;TeamC;Provider3
92;1;106.057901436073;80.7513541140388;111.462918406537;TeamB;Provider2
51;0;83.8438751319971;96.4636087327102;92.7982037406028;TeamB;Provider4
12;0;126.859252818814;92.5552908688487;109.743820250271;TeamB;Provider4
4;0;89.9994370970126;104.972911618981;129.98789388099;TeamA;Provider1
65;1;96.5322425170987;96.2603749546956;76.0855704608211;TeamB;Provider3
53;0;99.2394026103005;105.93697479324;100.623051861936;TeamC;Provider1
35;0;115.306203828538;105.926707122923;75.19061893895;TeamB;Provider3
20;0;104.62156973181;113.248421246858;110.26723760358;TeamB;Provider2
60;0;111.315166762489;106.434611702541;77.2103046300889;TeamB;Provider1
56;0;99.1679381985282;99.3860527319622;93.0041166268819;TeamC;Provider4
72;0;105.003465262036;113.907965773793;92.9299633930976;TeamA;Provider2
60;1;130.517333446559;94.2423532865275;77.0707776181701;TeamC;Provider3
37;0;106.10007789862;99.8478869275563;93.3457500816103;TeamA;Provider4
80;1;79.2557320528821;112.672458727712;124.736851033206;TeamA;Provider1
10;0;114.684323830428;112.865138272305;76.5562660837345;TeamA;Provider3
60;1;146.498272433847;101.089907814655;136.03009801927;TeamC;Provider3
9;0;95.4282846093644;104.935888686602;128.788080113885;TeamC;Provider3
9;0;58.5750453752094;107.644110978511;75.9997620984225;TeamB;Provider3
32;0;96.3452805976347;91.2946541712666;84.8126125289925;TeamC;Provider2
31;0;114.023531144867;111.60558393936;108.894300835276;TeamA;Provider4
65;1;117.626659592657;95.725292428401;107.460070285233;TeamB;Provider3
65;1;58.1638887645848;83.2134352681523;84.0440596434691;TeamB;Provider3
86;1;138.263884368275;91.0466141977727;73.2970268800115;TeamC;Provider2
73;1;96.8019612714731;100.871134180854;127.427890839813;TeamC;Provider1
60;1;89.2336315538991;96.9985798302133;124.484758027101;TeamC;Provider3
80;1;136.581014911996;92.8224746947861;87.6785189329736;TeamB;Provider1
58;0;117.990455061974;97.0600035856134;128.812916002796;TeamA;Provider2
32;0;121.69380746998;92.383153023613;112.167476036308;TeamC;Provider3
79;1;83.5091538351685;80.1990022760118;135.169317204835;TeamB;Provider1
24;0;60.1987941045667;112.29033078197;101.882234164679;TeamB;Provider1
65;1;120.494634791252;120.355507988639;103.59519903424;TeamB;Provider3
71;0;78.354412238083;115.103077618824;120.46869829417;TeamA;Provider1
56;0;105.646762344018;99.5059735027411;73.9627607636012;TeamB;Provider3
79;1;99.7311280105537;78.9137684684556;103.067457006567;TeamA;Provider1
56;0;100.622360482138;98.0901500256729;126.848541892046;TeamA;Provider4
65;1;116.703036162141;99.4532466049417;80.7230668722157;TeamA;Provider3
46;0;87.6360283260654;108.108532439459;85.1686007056261;TeamC;Provider2
80;1;102.517674853611;109.475650292353;95.6068447103343;TeamB;Provider1
49;0;92.9433658428739;91.9105933952077;118.64298805215;TeamC;Provider4
2;0;62.3924069299048;89.0827567476698;88.7688967274659;TeamA;Provider4
85;1;92.5087779359725;106.551166950701;106.54796724372;TeamC;Provider2
73;1;95.1206901383233;83.9118849357624;121.038547234266;TeamC;Provider1
24;0;90.180683830301;104.251240563271;90.3734208563466;TeamB;Provider2
67;0;90.0807232891809;114.425863309785;86.1405749970616;TeamC;Provider4
88;1;90.0301403914192;95.6251302705805;121.659697432572;TeamA;Provider4
81;1;85.1263468110365;112.589162098443;104.285315347215;TeamC;Provider4
42;0;141.304979554687;100.565399010007;90.6878310010313;TeamA;Provider3
5;0;69.2933731378324;109.41790769043;111.64420270568;TeamB;Provider2
88;1;114.521523515095;110.50974251723;107.12630615444;TeamB;Provider4
31;0;66.059145976304;91.081150485555;132.896025317937;TeamB;Provider1
73;1;101.22796309656;95.8852306304235;112.073241860606;TeamC;Provider1
88;1;110.009032053894;111.668187318444;108.566199985613;TeamA;Provider4
80;1;102.130725407748;117.04544268588;80.1088730572052;TeamB;Provider1
20;0;102.564554397532;115.503112468693;91.4687400922579;TeamA;Provider3
16;0;113.440766055756;84.5625508546815;98.2746301877989;TeamC;Provider2
4;0;46.6012872137129;114.499636259747;71.8005605237194;TeamB;Provider2
7;0;111.516371471989;98.3150514872475;123.305292633309;TeamA;Provider2
56;0;99.4635882782207;109.146359568299;119.977205538209;TeamA;Provider2
41;0;93.7971680997948;92.2308754802939;117.877573163753;TeamA;Provider2
45;0;81.6747327465783;81.8535625844448;83.4224949575423;TeamA;Provider4
62;0;116.61235686134;99.9635432517845;137.474175494424;TeamA;Provider4
26;0;105.339819825423;106.051066613452;105.309161329479;TeamA;Provider2
8;0;102.528555349696;109.669688779633;125.603284357915;TeamC;Provider3
19;0;115.527927100133;102.912478432254;92.3792372236842;TeamC;Provider2
88;1;82.8699759492961;108.388114290592;105.115279371408;TeamA;Provider4
79;0;123.10834889171;109.965786430139;119.854050069583;TeamA;Provider2
2;0;113.724281187535;97.6195071005597;102.497113403201;TeamC;Provider4
90;0;87.7272739080677;117.513535266003;42.2795977663213;TeamA;Provider2
5;0;92.580452697868;116.196699200695;105.827094393542;TeamC;Provider2
88;1;72.8785474212056;99.8110313185056;99.9864458323311;TeamB;Provider4
18;0;84.5373623560985;106.097189208293;141.891418661114;TeamB;Provider3
57;0;121.705345871289;96.5370162708913;108.303049518707;TeamB;Provider4
72;0;49.6053855479535;94.5656541820251;81.185397434286;TeamC;Provider1
80;1;92.4834689939549;102.694817348234;91.39246184122;TeamA;Provider1
60;1;91.588863590478;111.162111721777;102.876240524163;TeamC;Provider3
80;1;104.551244493774;103.1169775303;96.7626775932951;TeamA;Provider1
65;1;113.730144240324;102.254016423603;92.7930258500565;TeamB;Provider3
42;0;116.548789701438;93.2941138800826;100.459206504556;TeamC;Provider4
93;1;87.7385542468041;100.04359143114;104.753569019152;TeamA;Provider2
38;0;121.871350750948;107.835906957574;114.600177459978;TeamB;Provider4
60;1;70.3645894319333;104.683508898718;93.4643858997224;TeamC;Provider3
62;0;134.487436569205;84.0437323741189;120.35306899674;TeamA;Provider1
65;1;77.206813266042;95.447115721961;111.535179342983;TeamB;Provider3
42;0;89.5068838220568;94.3758002308034;99.8181956822662;TeamB;Provider1
65;1;101.768759432632;107.246511343042;99.6378066078996;TeamA;Provider3
26;0;92.1788063369368;101.07218736385;67.2564833183258;TeamA;Provider3
35;0;126.125499872732;102.262387168853;90.1103535242166;TeamC;Provider2
17;0;113.119993415793;101.109251208463;75.3023163186223;TeamB;Provider4
2;0;113.609093726695;83.4626706081488;104.12249107152;TeamA;Provider3
16;0;88.0459389823543;94.6499296986929;90.7504788996154;TeamB;Provider4
24;0;80.4479466293855;87.7610837676718;112.608884826865;TeamC;Provider4
59;0;98.5900108496284;104.655601976266;127.059880204478;TeamA;Provider2
79;1;127.520601130562;75.9128399100338;119.86134195266;TeamA;Provider1
37;0;93.7078383953429;114.396698991006;115.083244936206;TeamB;Provider4
93;1;81.2891681329829;105.856818483924;80.7574210939405;TeamB;Provider2
26;0;92.5407169995744;88.1842727519757;115.335348939576;TeamB;Provider2
27;0;135.587120988838;97.883564593084;92.8093523573804;TeamA;Provider3
65;1;81.7571894591243;99.3574475149739;98.5156660205144;TeamB;Provider3
52;0;65.6428227933253;76.7585225274212;113.51637481708;TeamC;Provider3
62;0;94.4158229564729;95.0731171040994;107.696746565246;TeamC;Provider2
53;0;106.448893671766;108.400587609471;93.3584222708733;TeamC;Provider4
67;0;82.1781931894425;88.8320279905256;102.725053523723;TeamA;Provider4
49;0;114.798646026789;93.4888315675143;54.8546393226011;TeamA;Provider3
58;0;111.645398933767;87.8988499444362;79.455241051827;TeamC;Provider4
33;0;95.6187804507497;103.393377424025;109.786354091542;TeamA;Provider1
88;1;119.072891601771;111.12766511156;116.164970680596;TeamB;Provider4
65;1;114.689768708649;92.6529158167902;111.159329987284;TeamA;Provider3
65;1;97.6198715258798;95.6015025946741;88.3718086715071;TeamB;Provider3
80;1;33.4819173739532;102.3103092865;97.3596163121248;TeamB;Provider1
16;0;82.4232275807251;81.0377052065551;83.0373630466096;TeamA;Provider3
10;0;72.0100505598443;109.560394694703;132.494906823491;TeamA;Provider3
4;0;95.8327036133292;102.608739972487;102.729892505805;TeamC;Provider2
80;1;112.095678435251;95.3411234058531;91.1038514839737;TeamA;Provider1
72;0;82.5190051106874;99.4377329925804;95.5218672923502;TeamB;Provider1
79;1;96.4867897391371;96.4725325745901;134.099391731524;TeamB;Provider1
77;0;100.103183589668;105.244921807972;100.095614567334;TeamC;Provider2
71;0;87.8122253852983;103.407084894115;111.966552768852;TeamC;Provider2
45;0;113.516983092085;76.9998978898144;77.1940138458473;TeamB;Provider2
81;0;110.076247015662;97.3637002864103;89.4780498190924;TeamA;Provider4
82;1;81.3696242405078;109.062212471763;82.3593533434125;TeamC;Provider4
46;0;90.149575180169;108.50004829744;82.3729522824267;TeamB;Provider1
26;0;91.0614926864155;104.884681100262;60.6112318679227;TeamA;Provider3
21;0;119.414061851537;112.101345922504;85.2889721120372;TeamB;Provider4
8;0;104.758695504449;126.311063509427;99.3258668722044;TeamA;Provider1
31;0;118.393599186045;94.38309589514;110.938193631867;TeamC;Provider1
85;1;92.6803961863165;103.875756643707;121.421019745004;TeamC;Provider2
19;0;94.1560184286414;123.08062960155;105.364515326625;TeamA;Provider3
81;1;93.2421182339023;108.706662745329;110.182900629484;TeamC;Provider4
41;0;61.9427033729106;81.5766187735453;127.597829466282;TeamC;Provider2
28;0;92.4367138377595;103.415781350057;84.3555124371584;TeamC;Provider2
80;1;75.0604638963667;91.7310362812711;57.3453489146842;TeamA;Provider1
88;1;83.3248388508332;97.9736402137526;65.2158058494889;TeamB;Provider4
66;1;87.6475140055766;112.668549076447;77.5931425504083;TeamB;Provider3
65;0;87.0932000203398;100.263297576831;96.7681189417192;TeamC;Provider2
10;0;122.789816345409;81.3226869740397;87.0565522778329;TeamB;Provider3
80;1;106.331734494565;107.408099282254;107.47688742573;TeamA;Provider1
65;1;70.9206611952499;98.7224023597239;76.5423950207686;TeamB;Provider3
65;1;83.0304460736874;107.653848339358;92.0262432559305;TeamA;Provider3
44;0;113.068106002439;94.9443965556823;106.551892597936;TeamA;Provider1
80;1;113.601145048328;92.2431512644674;109.876015451659;TeamA;Provider1
17;0;81.0760668793931;92.8172430620461;123.087804656998;TeamC;Provider3
22;0;89.2295409366197;114.830325553685;117.892556306727;TeamB;Provider1
47;0;92.0103613675586;95.8537946963735;114.171407594193;TeamA;Provider2
5;0;57.6076493527578;100.554324527102;73.9938630636236;TeamC;Provider4
47;0;131.838501127813;107.530493225846;93.0257029619143;TeamB;Provider4
27;0;138.996304663196;97.672998438941;104.96968080315;TeamB;Provider1
42;0;107.179683245703;84.2625139272945;111.563100138239;TeamA;Provider4
92;1;113.598509669226;87.0388450647058;112.49520721081;TeamA;Provider2
37;0;124.15309545919;97.4404755559626;101.9253400447;TeamA;Provider2
92;1;108.339384799236;102.176561875637;121.325906209677;TeamA;Provider2
4;0;117.78238086573;94.535666299812;91.7259946250026;TeamC;Provider4
88;1;89.350619750537;95.2281254466293;99.0823166467072;TeamA;Provider4
30;0;81.4141117884751;77.8423712720771;76.292863507807;TeamB;Provider2
78;0;75.8060917568204;80.4163060224563;101.580448707219;TeamA;Provider4
23;0;89.0619911937663;99.9048782686966;73.7160598856978;TeamB;Provider2
9;0;96.7098603781385;89.4963712435685;91.6726344725448;TeamB;Provider1
31;0;113.211629033395;102.387127394535;81.9023774120647;TeamB;Provider4
79;1;81.9473803072221;90.1244818848003;114.567064895611;TeamA;Provider1
68;0;85.5622779384859;111.910814310679;95.971602395821;TeamB;Provider1
80;1;104.682079566605;106.736098352312;102.600793638585;TeamB;Provider1
43;0;115.848857050414;89.6165290524473;138.311966001442;TeamC;Provider1
80;1;114.224091493731;92.5743852478854;81.3959705129434;TeamB;Provider1
29;0;96.965223230762;102.836018139418;104.785602085832;TeamB;Provider1
74;1;114.263123128693;86.837584834337;86.6339073741702;TeamC;Provider1
92;1;105.074705477986;98.5553628200248;130.557076703357;TeamB;Provider2
80;1;129.921743734323;104.598326113951;65.183466876795;TeamB;Provider1
66;0;119.542965202817;94.4393188753526;114.924337405881;TeamA;Provider2
88;1;90.2011857089605;89.4217557735472;119.594037749054;TeamA;Provider4
37;0;105.571286710763;101.767056528396;63.1844973820875;TeamA;Provider4
80;1;85.2162556103824;88.5730061304573;70.9246501409262;TeamB;Provider1
12;0;56.9076619539872;70.9288149058456;110.712201485806;TeamA;Provider2
65;1;107.25842165829;108.282775437246;93.9139531769994;TeamB;Provider3
23;0;102.155737138369;103.431657527529;87.2482693063931;TeamC;Provider2
69;0;112.147416468458;104.163561410902;82.1359640528392;TeamA;Provider2
49;0;101.805158868112;116.531062642737;106.730516749791;TeamB;Provider4
81;1;83.4869936806409;100.558803758082;128.303318307525;TeamC;Provider4
40;0;126.349715546221;119.012286643612;80.5551158246939;TeamC;Provider4
44;0;124.358923335139;97.1990799083023;46.8570469515012;TeamA;Provider3
72;0;114.859804618291;110.473900224977;91.6140059615513;TeamB;Provider1
93;1;77.7050486761931;83.9776366703806;64.8801309751327;TeamA;Provider2
69;0;117.083810952513;101.991972785983;96.9593102734102;TeamA;Provider2
49;0;111.472253565736;85.8492447311387;128.333247598643;TeamC;Provider1
4;0;122.206450322857;94.6730541922231;112.417887577265;TeamB;Provider3
81;1;111.025714137321;93.4060281692057;80.9902805367926;TeamC;Provider4
65;1;76.813903294985;88.4876055218749;97.9172383833022;TeamB;Provider3
5;0;87.4140707061811;94.774535359547;97.7820893461043;TeamB;Provider3
22;0;95.4696821025688;75.4592705223102;120.365847499277;TeamB;Provider3
80;1;106.113012715962;102.38131859077;93.4080193141226;TeamB;Provider1
73;1;86.0788682674208;96.4323304023649;149.92461095558;TeamC;Provider1
88;1;94.4694695620266;116.727759232265;80.7610925278774;TeamB;Provider4
88;1;95.2173506776626;106.119759722529;88.4373061434382;TeamB;Provider4
39;0;85.8074895572626;93.0252441674858;96.3568588953909;TeamA;Provider4
58;0;138.729935989791;84.2504359495864;73.3190429060911;TeamA;Provider2
67;0;97.3210501161455;93.098669278933;114.874361349457;TeamA;Provider2
60;1;88.46874408671;104.743458643195;86.8344726668916;TeamC;Provider3
29;0;83.4581562728964;83.7654192631704;108.42643508626;TeamA;Provider1
44;0;132.833544551539;106.03072718603;84.6399810998457;TeamB;Provider3
5;0;64.8410215754344;87.6324188805351;84.7436549797603;TeamB;Provider1
31;0;130.463301913896;113.028930156797;109.897673393932;TeamA;Provider2
5;0;89.3066100869048;98.7170897614138;99.7638966491434;TeamB;Provider2
79;1;84.6746399018659;87.14461217186;124.535869949026;TeamA;Provider1
38;0;112.867630693819;119.129510294769;119.151982968433;TeamB;Provider2
2;0;99.5572998883849;75.0627995311105;101.147842341866;TeamA;Provider3
92;1;62.8618686523724;112.962169773157;117.168646473612;TeamB;Provider2
34;0;96.4221917046109;98.2275089269364;95.2603725852861;TeamB;Provider1
74;1;120.167623762461;88.7397275622317;71.327371454793;TeamC;Provider1
73;1;103.321884893937;77.6515200379768;124.689559880269;TeamC;Provider1
63;0;90.1625600116705;91.4352160876259;110.701908706778;TeamA;Provider2
65;1;94.2472324592404;107.260202958094;77.8161934438164;TeamB;Provider3
31;0;104.280550593274;97.6116493884714;106.867087991264;TeamB;Provider2
42;0;104.434459199253;99.8088716714741;92.7454864788533;TeamB;Provider3
42;0;39.7831759075674;102.65798089632;108.621828992862;TeamA;Provider3
19;0;97.8708050053129;104.025524052803;78.4914548988429;TeamB;Provider1
36;0;101.584674354346;93.1968558630464;53.6855277223295;TeamC;Provider1
36;0;117.022194158751;91.2739045044897;99.1839921694014;TeamB;Provider3
16;0;79.9722626316131;116.112016213322;127.390165702571;TeamC;Provider2
79;1;87.4219902406398;110.941574208273;129.691510238393;TeamB;Provider1
80;1;62.6464620094631;101.556931072526;115.480077464716;TeamA;Provider1
60;1;92.7775120407198;101.03644920962;99.0118007268996;TeamC;Provider3
51;0;65.2591812464417;98.8748042962176;86.5254417821293;TeamB;Provider3
67;0;139.574341707324;100.508738207273;69.3801140853131;TeamB;Provider1
88;1;86.6914631149507;96.4931868526626;72.2289225235837;TeamB;Provider4
19;0;107.590114920623;87.9166301571143;122.154180198603;TeamC;Provider1
35;0;113.435200213965;94.6979231283998;95.78505053086;TeamB;Provider4
2;0;106.696963627323;97.2130437160269;93.8586971478395;TeamB;Provider2
65;1;96.1727198289959;78.3052872169607;119.595801035605;TeamA;Provider3
65;1;103.880588856535;112.011016680711;133.459749716541;TeamA;Provider3
45;0;87.9165282647627;73.4345542279191;135.851324086015;TeamB;Provider2
17;0;106.984121450241;91.1878977988745;98.228385530717;TeamA;Provider2
73;1;77.2695169371141;82.9994499257836;125.488360236616;TeamC;Provider1
65;1;92.3206762947378;99.0234187902193;113.188661032757;TeamB;Provider3
61;0;80.6077942105354;102.977620928359;103.678927706926;TeamB;Provider1
93;1;81.1309608695764;104.561664973049;93.4840391628134;TeamB;Provider2
80;1;138.375936621031;110.516148267421;112.985651060937;TeamA;Provider1
27;0;106.72945060522;101.124957889453;100.169200166299;TeamA;Provider1
29;0;93.7806668198802;95.3532897177862;82.5664832759516;TeamB;Provider4
60;1;120.351288448777;93.7715415110965;114.251655376491;TeamC;Provider3
14;0;90.5795979830668;96.7053160257993;136.132131648649;TeamA;Provider2
60;1;42.4463567597024;92.8739865163991;105.601906791757;TeamC;Provider3
18;0;138.445438899566;99.6234468744513;93.4746867018113;TeamA;Provider2
92;1;127.663169061224;95.7310666431701;133.623687647814;TeamA;Provider2
27;0;100.460182706967;98.8213034653964;76.4433429959498;TeamB;Provider3
44;0;109.595852102977;90.8925831910624;143.359538632621;TeamC;Provider2
45;0;96.9879534681437;96.9869566630537;62.9561797659832;TeamC;Provider3
11;0;166.78589751818;97.2442129643244;89.5856873733831;TeamB;Provider2
38;0;91.166118172948;95.084968033432;101.350169765926;TeamA;Provider2
32;0;128.941108284977;97.2578513149365;88.6981998256806;TeamB;Provider2
56;0;98.8367362902418;104.908807231246;114.390026924726;TeamC;Provider4
9;0;80.4212832606395;97.1028570815964;91.4403309989841;TeamB;Provider1
78;0;84.4662077589816;106.503241738528;96.4603105860294;TeamB;Provider1
60;1;89.9533757424162;88.1673482003418;116.543424717147;TeamC;Provider3
80;1;121.165890464274;102.841390252708;93.0974027955599;TeamA;Provider1
80;1;77.1208379634262;103.721079002493;78.2504807812204;TeamB;Provider1
93;1;81.7175242166868;101.342414865552;87.0179209950798;TeamA;Provider2
66;1;89.7426826436469;85.2581075655628;44.3310844093045;TeamA;Provider3
41;0;101.670179499452;82.0750448617688;102.365528404273;TeamA;Provider4
88;1;86.8875707520452;106.689326332525;95.5597996589947;TeamB;Provider4
67;0;95.5998115679606;97.5515013613219;129.203039005345;TeamB;Provider2
80;1;103.013545349882;86.5822292415085;69.5337653063958;TeamB;Provider1
54;0;98.6888670886026;125.381275750261;123.380580525208;TeamA;Provider4
55;0;106.648628910744;95.0887878706348;110.826474745833;TeamC;Provider3
81;1;101.637611017832;97.6017830073561;118.043152095795;TeamC;Provider4
40;0;128.220748467063;110.400329404125;85.3759846869705;TeamB;Provider1
88;1;101.8850303841;80.2063136361117;111.240128613273;TeamA;Provider4
85;0;88.5508311153395;95.9758118601185;118.058886265463;TeamC;Provider2
60;1;122.108775706503;98.8245694776071;96.9686919307698;TeamC;Provider3
88;0;93.4567979470453;104.029526025448;103.407491838427;TeamA;Provider2
65;0;104.540168247066;108.420156454262;104.406256319994;TeamB;Provider3
79;1;74.8255137177933;86.2665960784239;109.508555330494;TeamB;Provider1
41;0;74.9767238141467;83.6314702238704;89.1813023453872;TeamC;Provider3
66;1;100.788761813154;98.597326722949;66.3390612258345;TeamA;Provider3
10;0;133.426557281384;107.433674364299;95.7355798111185;TeamA;Provider2
12;0;75.4853782028866;92.6194742376947;108.042392140222;TeamC;Provider2
25;0;91.0677154125688;99.4131369679189;106.635945240515;TeamB;Provider2
25;0;113.874927103938;91.034313601019;114.305358130004;TeamC;Provider3
42;0;88.4095507185239;111.854257216143;92.5032038936592;TeamC;Provider2
12;0;69.8077903531524;83.6706984741884;82.2364582565119;TeamA;Provider2
80;1;129.186351224956;90.9923787805677;91.1280691520989;TeamB;Provider1
57;0;112.929235186574;97.3306244178617;96.2754064128029;TeamB;Provider2
44;0;79.5945265280181;100.110695634099;98.4333213121093;TeamB;Provider3
9;0;90.7856832870142;94.0553705115077;84.7379742905923;TeamC;Provider1
81;1;52.4976500146434;90.0995447351695;84.8267048688071;TeamC;Provider4
17;0;110.333949305592;113.908516761843;101.700593320356;TeamA;Provider2
65;1;64.0356358863887;99.8261987288919;106.398799341288;TeamA;Provider3
26;0;121.906454873808;78.6469029531353;101.499001086109;TeamC;Provider3
65;1;95.2803065363002;105.610241459506;104.226767512153;TeamB;Provider3
65;1;119.001181708653;108.567260470961;90.2190727079704;TeamA;Provider3
73;0;103.881376394594;93.1331721956915;92.2792254150954;TeamA;Provider4
88;1;84.2947861579446;85.6502966198765;93.8146050556324;TeamB;Provider4
73;1;70.9653933627718;96.233011073284;123.254813766654;TeamC;Provider1
66;1;71.9218338121937;106.890107581041;66.8680119960492;TeamB;Provider3
53;0;112.41225614076;109.339977335148;132.648993264951;TeamA;Provider2
63;0;94.5792747507238;100.776327045364;111.941480215095;TeamB;Provider1
77;0;98.1496603723837;84.2348113985768;99.7986698775181;TeamC;Provider4
93;1;98.3792900523188;96.9669772311924;76.2697388685177;TeamA;Provider2
88;1;120.615150212534;86.0993469295244;89.0831020064096;TeamB;Provider4
68;0;118.007052852791;84.5964103033186;109.63601802133;TeamA;Provider2
74;1;110.197671163383;109.912878582755;96.7179128728382;TeamC;Provider1
27;0;80.1990271444179;108.449486261372;96.2854732303093;TeamA;Provider3
13;0;100.091552421951;98.5638377221306;127.80210819002;TeamA;Provider3
49;0;105.542133419864;97.2896882325505;112.937396298897;TeamB;Provider4
2;0;70.1656739522433;101.969442678528;114.626939820405;TeamC;Provider3
80;1;75.6867736012953;97.2712821134553;112.483125297634;TeamB;Provider1
18;0;150.140479814889;94.5231872298589;128.280953652807;TeamC;Provider3
23;0;107.521370317614;98.9737553715347;110.11425016039;TeamB;Provider2
14;0;85.7308837597874;104.260432423452;81.1547672997664;TeamA;Provider3
30;0;99.655646821862;95.3030014575435;60.7023813819973;TeamC;Provider2
28;0;56.7264309497899;92.3128463883186;117.217717713906;TeamC;Provider2
65;1;81.7109819388698;99.1496512342939;93.1640645595539;TeamB;Provider3
34;0;102.059505937734;83.9714864240239;86.2453297164671;TeamC;Provider3
88;1;103.24010419786;106.615839960611;90.7020684743004;TeamB;Provider4
30;0;84.5824442819072;98.4200108707293;88.0017565515217;TeamC;Provider1
79;1;82.6150103293137;102.959645339476;124.04699749803;TeamB;Provider1
44;0;104.412478461747;104.893409739122;117.273572631656;TeamB;Provider3
80;1;70.7641256612895;88.9026436745761;107.260991548526;TeamA;Provider1
88;1;99.682035589655;115.841728939082;104.076792601046;TeamA;Provider4
88;1;74.0320598083702;81.4854042444685;122.949711555189;TeamB;Provider4
48;0;143.550338234337;97.50586632445;121.110584071774;TeamC;Provider1
81;1;77.6990000944392;109.949996850027;143.951990783592;TeamC;Provider4
81;1;79.7493862807102;78.2811540049413;87.9373985167702;TeamC;Provider4
81;0;90.7806375144853;99.8653775015039;99.6011895974003;TeamC;Provider2
60;1;117.70693307111;114.818522995601;104.299780011004;TeamC;Provider3
64;0;119.678005161878;99.6793834722354;114.954666252222;TeamA;Provider4
88;1;70.1680288945757;93.1245831752499;86.0593083356735;TeamB;Provider4
86;1;83.276925146737;109.77980775633;101.179965717105;TeamC;Provider2
80;1;111.991441545884;106.257524298426;110.334141514478;TeamB;Provider1
65;1;102.776755652912;111.45177979791;112.955770301384;TeamA;Provider3
55;0;87.946098001812;96.1374887416807;107.11178443629;TeamA;Provider2
25;0;92.5738589175753;103.656373890576;103.262856046623;TeamA;Provider2
52;0;88.2053572118229;110.346931454768;99.496484747148;TeamC;Provider4
29;0;140.372906672303;104.539030537058;82.2535121480659;TeamA;Provider1
58;0;95.3075280139625;97.4901351604752;102.313445657299;TeamA;Provider3
66;1;76.7699077425986;110.104445479299;76.7175160182748;TeamB;Provider3
36;0;119.033946752384;120.111932336088;70.3251137145408;TeamA;Provider1
88;1;113.766500860782;88.4236764758274;110.093053660979;TeamB;Provider4
67;0;109.768711503179;93.3781170453668;122.159958517454;TeamB;Provider2
45;0;125.70187151615;101.996721866586;58.3009581658401;TeamA;Provider2
30;0;93.8825571578705;103.129014907918;110.232048937157;TeamB;Provider3
65;1;86.9875758152898;123.656124112758;106.650884197261;TeamA;Provider3
76;0;87.852558352611;94.2866872380249;114.10315169996;TeamC;Provider2
60;1;115.750786490003;98.7622289596319;101.206650121264;TeamC;Provider3
65;1;94.6839659444501;108.961421508952;118.027394355681;TeamA;Provider3
80;1;110.229746641722;101.445522565255;75.6305770171099;TeamB;Provider1
88;1;88.589759090443;112.167556108719;99.8614556456245;TeamB;Provider4
88;1;116.727075129327;110.871331865582;95.0756313368584;TeamA;Provider4
22;0;104.026778375634;88.2128726729247;83.2212203550307;TeamB;Provider1
78;0;104.911648705737;104.257295738447;83.4214910879095;TeamA;Provider4
63;0;116.901354130909;99.9986935939707;47.6414934443027;TeamB;Provider1